eName,isPlanet,semimajorAxis,perihelion,aphelion,eccentricity,inclination,density,gravity,escape,meanRadius,equaRadius,polarRadius,flattening,dimension,sideralOrbit,sideralRotation,discoveryDate,mass_kg,volume,orbit_type,orbits,bondAlbido,geomAlbido,RV_abs,p_transit,transit_visibility,transit_depth,massj,semimajorAxis_AU,grav_int
Moon,FALSE,384400,363300,405500,0.0549,5.145,3.344,1.62,2380,33,1738.1,1736,0.0012,NA,27.3217,655.728,NA,735e20,21968000000,Secondary,Earth,NA,NA,NA,1.811589490114464,326.08610822060353,2.2458600958155087e-9,3.8684210526315786e-5,0.0025695552897999907,6606323854573963e10
Phobos,FALSE,9376,9234,9518,0.0151,1.075,1.9,0.0057,11.39,33,13,9.1,0,26.8 x 22.4 x 18.4,0.31891,0.7653,12/08/1877,106e14,5783.61,Secondary,Mars,NA,NA,NA,74.2720776450512,13368.973976109215,2.2458600958155087e-9,5.578947368421052e-12,6.267468885838895e-5,16014373256386214e6
Deimos,FALSE,23458,23456,23471,2e-4,1.075,1.75,0.003,5.556,33,7.8,5.1,0,15.0 x 12 x 10.4,1.26244,30.29856,12/08/1877,24e14,9997.8,Secondary,Mars,NA,NA,NA,29.6860346150567,5343.486230710206,2.2458600958155087e-9,1.263157894736842e-12,1.5680704471417322e-4,5792533532210834e5
Io,FALSE,421800,0,0,0.004,0.036,3.53,1.79,0,1821.5,0,0,0,NA,1.76914,42.4593,07/01/1610,893e20,NA,Secondary,Jupiter,NA,NA,NA,1.6552003319108581,297.93605974395444,6.8424742246902275e-6,4.7e-5,0.0028195588481728304,6666188450185605e10
Europa,FALSE,671100,0,0,0.009,0.466,3.01,1.31,0,1560.8,0,0,0,NA,3.55118,85.2293,08/01/1610,48e21,NA,Secondary,Jupiter,NA,NA,NA,1.0399386082551036,187.18894948591867,5.023996541162752e-6,2.526315789473684e-5,0.004486026417754354,1415487499855953e10
Ganymede,FALSE,1070400,0,0,0.001,0.177,1.94,1.428,0,2631.2,0,0,0,NA,7.15455,171.7093,11/01/1610,1.4799999999999999e+023,NA,Secondary,Jupiter,NA,NA,NA,0.6530018684603885,117.54033632286993,1.4277840954737939e-5,7.789473684210526e-5,0.007155182055676145,17155713830070088e9
Callisto,FALSE,1882700,0,0,0.007,0.192,1.83,1.235,0,2410.3,0,0,0,NA,16.68902,400.536,07/01/1610,1.0800000000000001e+023,NA,Secondary,Jupiter,NA,NA,NA,0.3711437297498274,66.80587135496893,1.1981109034281005e-5,5.684210526315789e-5,0.012585072175094802,4046697946474468e9
Amalthea,FALSE,181400,181150,182840,0.003,0.38,3.1,0.02,0,84,0,0,0,125 x 73 x 64,0.49818,11.9563,09/09/1892,75e17,NA,Secondary,Jupiter,NA,NA,NA,3.839173098125689,691.0511576626241,1.4551688554705443e-8,3.947368421052631e-9,0.001212584103979496,30270944837956404e6
Himalia,FALSE,11461000,9782900,13082000,0.162,27.5,1,0.062,0,85,0,0,0,NA,250.5662,7.7808,03/12/1904,95e17,NA,Secondary,Jupiter,NA,NA,NA,0.060764941977139865,10.937689555885175,1.490021964395505e-8,5e-9,0.07661205300831866,960545316898533e4
Elara,FALSE,11741000,0,0,0.217,26.63,1,0.031,0,40,0,0,0,NA,259.6528,0,02/01/1905,8e17,NA,Secondary,Jupiter,NA,NA,NA,0.0593119836470488,10.676157056468785,3.299702620114613e-9,4.2105263157894736e-10,0.07848373740255382,770759860780489500
Pasiphae,FALSE,23624000,0,0,0.409,151.4,1,0.022,0,18,0,0,0,NA,743.6,0,27/01/1908,3e17,NA,Secondary,Jupiter,NA,NA,NA,0.029476803250931258,5.305824585167627,6.681897805732091e-10,1.5789473684210526e-10,0.15791668617646976,71392676769559070
Sinope,FALSE,23939000,0,0,0.25,158.1,1,0.014,0,14,0,0,0,NA,758.9,0,21/07/1914,8e16,NA,Secondary,Jupiter,NA,NA,NA,0.02908876728351226,5.235978111032207,4.042135709640401e-10,4.210526315789473e-11,0.16002233111998432,18540321305986716
Lysithea,FALSE,11717000,0,0,0.112,28.3,1,0.013,0,12,0,0,0,NA,259.22,0,06/07/1938,8e16,NA,Secondary,Jupiter,NA,NA,NA,0.05943108304173423,10.697594947512162,2.9697323581031517e-10,4.210526315789473e-11,0.07832330731161938,77392059845774380
Carme,FALSE,23404000,0,0,0.253,164.9,1,0.017,0,15,0,0,0,NA,734.2,0,30/07/1938,1e17,NA,Secondary,Jupiter,NA,NA,NA,0.02975376004101863,5.355676807383354,4.6402068095361744e-10,5.263157894736842e-11,0.15644607700957072,24247060709843932
Ananke,FALSE,21276000,0,0,0.244,148.9,1,0.01,0,10,0,0,0,NA,629.8,0,28/09/1951,4e16,NA,Secondary,Jupiter,NA,NA,NA,0.032729460424891894,5.891302876480541,2.0623141375716332e-10,2.1052631578947366e-11,0.14222127561338346,11735978541597322
Leda,FALSE,11165000,0,0,0.164,27.46,1,0.0073,0,5,0,0,0,NA,240.92,0,11/09/1974,6e17,NA,Secondary,Jupiter,NA,NA,NA,0.062368741603224365,11.226373488580386,5.155785343929083e-11,3.157894736842105e-10,0.0746334152201272,639253440785321500
Thebe,FALSE,221900,218000,226000,0.018,1.08,1,0.02,0,49,0,0,0,58 x 49 x 42,0.6745,16.188,05/03/1979,8e17,NA,Secondary,Jupiter,NA,NA,NA,3.138310049571879,564.8958089229383,4.9516162443094916e-9,4.2105263157894736e-10,0.0014833098824313681,21578172532235732e5
Adrastea,FALSE,129000,0,0,0.002,0.054,1,0.002,0,8,0,0,0,10 x 8 x 7,0.29826,0.7158,08/07/1979,2e15,NA,Secondary,Jupiter,NA,NA,NA,5.398062015503876,971.6511627906976,1.319881048045845e-10,1.0526315789473683e-12,8.623117387726295e-4,15962093624181238e3
Metis,FALSE,128000,127974,128026,0.001,0.019,1,0.005,0,22,0,0,0,30 x 20 x 17,0.29478,0.7075,04/03/1979,1e17,NA,Secondary,Jupiter,NA,NA,NA,5.44034375,979.261875,9.981600425846705e-10,5.263157894736842e-11,8.556271516503611e-4,8106237792968749e5
Callirrhoe,FALSE,24102000,0,0,0.283,147.1,1,0.0031,0,4,0,0,0,NA,758.8,0,06/10/1999,870000000000000,NA,Secondary,Jupiter,NA,NA,NA,0.02889162725085055,5.2004929051531,3.299702620114613e-11,4.578947368421052e-13,0.16111191882091408,198908053353118.12
Themisto,FALSE,7507000,5909000,8874300,0.242,43.08,1,0.0029,0,4,0,0,0,NA,130.02,0,30/09/1975,690000000000000,NA,Secondary,Jupiter,NA,NA,NA,0.09275955774610363,16.696720394298655,3.299702620114613e-11,3.631578947368421e-13,0.05018119552686923,1626131032199085
Megaclite,FALSE,14146700,0,0,0.421,152.8,1,0,0,2.7,0,0,0,NA,752.8,0,23/11/2000,210000000000000,NA,Secondary,Jupiter,NA,NA,NA,0.04922311917266924,8.860161451080463,1.503427006289721e-11,1.1052631578947368e-13,0.09456484864259503,139363256461461.95
Taygete,FALSE,23363000,0,0,0.252,165.2,1,0,0,2.5,0,0,0,NA,732.2,0,23/11/2000,160000000000000,NA,Secondary,Jupiter,NA,NA,NA,0.029805440225998372,5.364979240679707,1.2889463359822707e-11,8.421052631578947e-14,0.1561720089375577,38931581249098.195
Chaldene,FALSE,23179000,0,0,0.251,165.2,1,0,0,1.9,0,0,0,NA,723.8,0,23/11/2000,75000000000000,NA,Secondary,Jupiter,NA,NA,NA,0.030042016480434877,5.407562966478278,7.444954036633596e-12,3.9473684210526314e-14,0.15494204490706032,18540060677313.492
Harpalyke,FALSE,21104000,0,0,0.226,148.6,1,0,0,2.2,0,0,0,NA,623.3,0,23/11/2000,120000000000000,NA,Secondary,Jupiter,NA,NA,NA,0.03299583965125095,5.93925113722517,9.981600425846706e-12,6.31578947368421e-14,0.1410715266283533,35784171647714.83
Kalyke,FALSE,23564000,0,0,0.245,165.2,1,0,0,2.6,0,0,0,NA,743,0,23/11/2000,190000000000000,NA,Secondary,Jupiter,NA,NA,NA,0.02955120522831438,5.319216941096588,1.394124356998424e-11,9.999999999999999e-14,0.15751561094913366,45445914968415.195
Iocaste,FALSE,21272000,0,0,0.216,149.4,1,0,0,2.6,0,0,0,NA,631.5,0,23/11/2000,190000000000000,NA,Secondary,Jupiter,NA,NA,NA,0.03273526701767582,5.892348063181647,1.394124356998424e-11,9.999999999999999e-14,0.1421945372648944,55766865029834.03
Erinome,FALSE,23283000,0,0,0.266,164.9,1,0,0,1.6,0,0,0,NA,728.3,0,23/11/2000,45000000000000,NA,Secondary,Jupiter,NA,NA,NA,0.02990781256710905,5.383406262079629,5.279524192183382e-12,2.3684210526315787e-14,0.15563724196777623,11024881144711.062
Isonoe,FALSE,23231000,0,0,0.246,165.2,1,0,0,1.9,0,0,0,NA,725.5,0,23/11/2000,75000000000000,NA,Secondary,Jupiter,NA,NA,NA,0.02997477078042271,5.395458740476088,7.444954036633596e-12,3.9473684210526314e-14,0.15528964343741827,18457153858066.473
Praxidike,FALSE,21148000,0,0,0.23,149,1,0,0,3.4,0,0,0,NA,625.3,0,23/11/2000,430000000000000,NA,Secondary,Jupiter,NA,NA,NA,0.032927246075278985,5.926904293550217,2.3840351430328074e-11,2.263157894736842e-13,0.1413656484617331,127693599959273.58
Autonoe,FALSE,24033000,0,0,0.334,152.9,1,0.0015,0,2,0,0,0,NA,715.4,0,10/12/2001,90000000000000,NA,Secondary,Jupiter,NA,NA,NA,0.028974493404901595,5.215408812882287,8.249256550286532e-12,4.7368421052631573e-14,0.16065068230947757,20695018323092.477
Thyone,FALSE,21192000,0,0,0.229,148.5,1,0.0015,0,2,0,0,0,NA,627.3,0,11/12/2001,90000000000000,NA,Secondary,Jupiter,NA,NA,NA,0.03285881464703662,5.914586636466591,8.249256550286532e-12,4.7368421052631573e-14,0.1416597702951129,26615700298452.33
Hermippe,FALSE,21300000,0,0,0.21,150.7,1,0.0015,0,2,0,0,0,NA,633.9,0,19/12/2001,90000000000000,NA,Secondary,Jupiter,NA,NA,NA,0.03269220657276995,5.884597183098591,8.249256550286532e-12,4.7368421052631573e-14,0.1423817057043179,26346478873239.437
Aitne,FALSE,23315000,0,0,0.264,165.1,1,0.0012,0,1.5,0,0,0,NA,730.2,0,19/12/2001,45000000000000,NA,Secondary,Jupiter,NA,NA,NA,0.029866759596826078,5.376016727428694,4.6402068095361746e-12,2.3684210526315787e-14,0.1558511487556888,10994638460686.926
Eurydome,FALSE,23148000,0,0,0.276,150.3,1,0.0012,0,1.5,0,0,0,NA,723.9,0,19/12/2001,45000000000000,NA,Secondary,Jupiter,NA,NA,NA,0.03008223172628305,5.4148017107309485,4.6402068095361746e-12,2.3684210526315787e-14,0.15473482270626998,11153851166918.074
Euanthe,FALSE,21038000,0,0,0.232,148.9,1,0.0012,0,1.5,0,0,0,NA,620.6,0,11/12/2001,45000000000000,NA,Secondary,Jupiter,NA,NA,NA,0.03309932027759293,5.957877649966727,4.6402068095361746e-12,2.3684210526315787e-14,0.14063034387828358,13503392486830.54
Euporie,FALSE,19339000,0,0,0.144,145.8,1,0,0,1,0,0,0,NA,553.1,0,11/12/2001,15000000000000,NA,Secondary,Jupiter,NA,NA,NA,0.03600718754847717,6.48129375872589,2.062314137571633e-12,7.894736842105262e-15,0.12927323035754948,5326752409279.86
Orthosie,FALSE,21164000,0,0,0.281,145.9,1,8.1e-4,0,1,0,0,0,NA,622.6,0,11/12/2001,15000000000000,NA,Secondary,Jupiter,NA,NA,NA,0.03290223965223965,5.922403137403137,2.062314137571633e-12,7.894736842105262e-15,0.14147260185568938,4447695349698.751
Sponde,FALSE,23790000,0,0,0.312,151,1,8.1e-4,0,1,0,0,0,NA,748.3,0,19/12/2001,15000000000000,NA,Secondary,Jupiter,NA,NA,NA,0.029270407734342162,5.268673392181589,2.062314137571633e-12,7.894736842105262e-15,0.15902632763876634,3519991815735.309
Kale,FALSE,23302000,0,0,0.26,165,1,8.1e-4,0,1,0,0,0,NA,729.5,0,19/12/2001,15000000000000,NA,Secondary,Jupiter,NA,NA,NA,0.02988340056647498,5.379012101965496,2.062314137571633e-12,7.894736842105262e-15,0.15576424912309933,3668969841652.7817
Pasithee,FALSE,23090000,0,0,0.267,165.1,1,8.1e-4,0,1,0,0,0,NA,716.3,0,11/12/2001,15000000000000,NA,Secondary,Jupiter,NA,NA,NA,0.030157773928107406,5.428399307059333,2.062314137571633e-12,7.894736842105262e-15,0.1543471166531784,3736652161003.6685
Hegemone,FALSE,23566000,0,0,0.328,155.2,1,0,0,2,0,0,0,NA,739.6,0,2003,45000000000000,NA,Secondary,Jupiter,NA,NA,NA,0.029548671815327165,5.318760926758889,8.249256550286532e-12,2.3684210526315787e-14,0.1575289801233782,10761679299120.148
Mneme,FALSE,21036000,0,0,0.227,148.6,1,0,0,2,0,0,0,NA,620,0,2003,15000000000000,NA,Secondary,Jupiter,NA,NA,NA,0.03310249096786461,5.958448374215631,8.249256550286532e-12,7.894736842105262e-15,0.14061697470403903,4501986760641.877
Aoede,FALSE,23969000,0,0,0.432,158.3,1,0,0,2,0,0,0,NA,761.5,0,2003,90000000000000,NA,Secondary,Jupiter,NA,NA,NA,0.02905185865075723,5.229334557136301,8.249256550286532e-12,4.7368421052631573e-14,0.16022286873365238,20805682049704.01
Thelxinoe,FALSE,21165000,0,0,0.221,151.4,1,0,0,2,0,0,0,NA,628.1,0,2003,15000000000000,NA,Secondary,Jupiter,NA,NA,NA,0.032900732341129224,5.92213182140326,8.249256550286532e-12,7.894736842105262e-15,0.14147928644281166,4447275071855.354
Arche,FALSE,23355000,0,0,0.259,165,1,0.0012,0,1.5,0,0,0,NA,762.7,0,31/10/2002,41500000000000,NA,Secondary,Jupiter,NA,NA,NA,0.029815606936416186,5.3668092485549135,4.6402068095361746e-12,2.1842105263157893e-14,0.15611853224057956,10104797907402.342
Kallichore,FALSE,23273000,0,0,0.264,165.5,1,0,0,2,0,0,0,NA,764.7,0,2003,15000000000000,NA,Secondary,Jupiter,NA,NA,NA,0.02992068061702402,5.385722511064324,8.249256550286532e-12,7.894736842105262e-15,0.15557039609655354,3678119192135.8916
Helike,FALSE,21064000,0,0,0.156,154.8,1,0,0,4,0,0,0,NA,634.8,0,2003,90000000000000,NA,Secondary,Jupiter,NA,NA,NA,0.03305858336498291,5.950545005696924,3.299702620114613e-11,4.7368421052631573e-14,0.14080414314346254,26940155363957.617
Carpo,FALSE,17078000,0,0,0.43,51.4,1,0,0,3,0,0,0,NA,456.1,0,2003,45000000000000,NA,Secondary,Jupiter,NA,NA,NA,0.040774388101651245,7.339389858297224,1.8560827238144698e-11,2.3684210526315787e-14,0.11415937887410052,20491689851463.195
Eukelade,FALSE,23322000,0,0,0.272,165.5,1,0,0,4,0,0,0,NA,746.4,0,2003,90000000000000,NA,Secondary,Jupiter,NA,NA,NA,0.029857902409741875,5.374422433753537,3.299702620114613e-11,4.7368421052631573e-14,0.1558979408655447,21976078924762.168
Cyllene,FALSE,23787000,0,0,0.319,149.3,1,0,0,1,0,0,0,NA,737.8,0,2003,15000000000000,NA,Secondary,Jupiter,NA,NA,NA,0.029274099297935847,5.269337873628452,2.062314137571633e-12,7.894736842105262e-15,0.15900627387739952,3520879749594.611
Kore,FALSE,24486000,0,0,0.325,145,1,0,0,1,0,0,0,NA,779.2,0,2003,15000000000000,NA,Secondary,Jupiter,NA,NA,NA,0.02843841378747039,5.11891448174467,2.062314137571633e-12,7.894736842105262e-15,0.16367880027586518,3322728430568.259
Herse,FALSE,23405000,0,0,0.2,164.2,1,0,0,2,0,0,0,NA,717.3,0,2003,15000000000000,NA,Secondary,Jupiter,NA,NA,NA,0.029751933347575303,5.355348002563555,8.249256550286532e-12,7.894736842105262e-15,0.15645276159669297,3636748319772.1987
S/2003 J 2,FALSE,28332000,0,0,0.38,151.8,1,0,0,1,0,0,0,NA,982.5,0,2003,15000000000000,NA,Secondary,Jupiter,NA,NA,NA,0.024577968374982353,4.424034307496823,2.062314137571633e-12,7.894736842105262e-15,0.1893877223481096,2481853096248.5537
Eupheme,FALSE,20230000,0,0,0.253,148,1,0,0,1,0,0,0,NA,504,0,2003,15000000000000,NA,Secondary,Jupiter,NA,NA,NA,0.03442130499258527,6.195834898665349,2.062314137571633e-12,7.894736842105262e-15,0.13522919748349066,4867867765872.887
S/2003 J 4,FALSE,23928000,0,0,0.204,144.9,1,0,0,1,0,0,0,NA,723.2,0,2003,15000000000000,NA,Secondary,Jupiter,NA,NA,NA,0.02910159645603477,5.2382873620862584,2.062314137571633e-12,7.894736842105262e-15,0.15994880066163938,3479507185883.964
Eirene,FALSE,23493000,0,0,0.22,163.1,1,0,0,2,0,0,0,NA,759.7,0,2003,90000000000000,NA,Secondary,Jupiter,NA,NA,NA,0.029640488656195462,5.335287958115183,8.249256550286532e-12,4.7368421052631573e-14,0.1570410052634526,21657325846979.97
S/2003 J 9,FALSE,23385000,0,0,0.269,164.5,1,0,0,0.5,0,0,0,NA,683,0,2003,1500000000000,NA,Secondary,Jupiter,NA,NA,NA,0.029777314517853325,5.359916613213598,5.155785343929083e-13,7.894736842105263e-16,0.15631906985424762,364297163126.6952
S/2003 J 10,FALSE,23042000,0,0,0.214,164.1,1,0,0,1,0,0,0,NA,767,0,2003,15000000000000,NA,Secondary,Jupiter,NA,NA,NA,0.030220597170384514,5.439707490669212,2.062314137571633e-12,7.894736842105262e-15,0.15402625647130955,3752236408909.191
S/2003 J 12,FALSE,17835000,0,0,0.376,145.8,1,0,0,0.5,0,0,0,NA,533.3,0,2003,1000000000000,NA,Secondary,Jupiter,NA,NA,NA,0.03904359405663022,7.02784693019344,5.155785343929083e-13,5.263157894736841e-16,0.11921961132565774,417535158791.7433
Philophrosyne,FALSE,22622000,0,0,0.194,143.6,1,0,0,1,0,0,0,NA,668.4,0,2003,15000000000000,NA,Secondary,Jupiter,NA,NA,NA,0.03078167270798338,5.540701087437008,2.062314137571633e-12,7.894736842105262e-15,0.1512187298799568,3892857815891.4062
S/2003 J 16,FALSE,20948000,0,0,0.23,148.5,1,0,0,1,0,0,0,NA,595.4,0,2003,15000000000000,NA,Secondary,Jupiter,NA,NA,NA,0.03324150276876074,5.983470498376933,2.062314137571633e-12,7.894736842105262e-15,0.14002873103727942,4539890806477.564
S/2003 J 18,FALSE,20494000,0,0,0.105,146.4,1,0,0,1,0,0,0,NA,606.3,0,2003,15000000000000,NA,Secondary,Jupiter,NA,NA,NA,0.033977895969552065,6.116021274519372,2.062314137571633e-12,7.894736842105262e-15,0.13699392848376954,4743261562372.224
S/2003 J 19,FALSE,23532000,0,0,0.334,162.9,1,0,0,1,0,0,0,NA,701.3,0,2003,15000000000000,NA,Secondary,Jupiter,NA,NA,NA,0.02959132245453,5.3264380418154005,2.062314137571633e-12,7.894736842105262e-15,0.15730170416122108,3597599865748.5767
S/2003 J 23,FALSE,23549000,0,0,0.309,149.2,1,8.1e-4,0,1,0,0,0,NA,759.7,0,2003,15000000000000,NA,Secondary,Jupiter,NA,NA,NA,0.02956996050787719,5.322592891417894,2.062314137571633e-12,7.894736842105262e-15,0.15741534214229963,3592407532967.116
Mimas,FALSE,185539,181770,189270,0.0202,1.53,1.15,0,0,396.4,0,0,0,415x394x381,0.94,22.56,17/09/1789,379e17,NA,Secondary,Saturn,NA,NA,NA,3.7552126507095545,675.9382771277199,3.240575248864779e-7,1.994736842105263e-8,0.0012402516100785653,14622043298592274e7
Enceladus,FALSE,238037,236830,239066,0.0045,0,1.61,0,0,504.2,0,0,0,NA,1.37,32.88,28/08/1789,108e18,NA,Secondary,Saturn,NA,NA,NA,2.9274700991862606,526.9446178535269,5.242766329920959e-7,5.6842105263157894e-8,0.001591179064823414,25314776525314367e7
Tethys,FALSE,294672,294589,294648,0,1.86,0.985,0,0,1066,0,0,0,NA,1.89,45.312,21/03/1684,618e18,NA,Secondary,Saturn,NA,NA,NA,2.3667263940924146,426.0107509366346,2.3435230441143505e-6,3.2526315789473684e-7,0.0019697606564930874,9452572397181888e8
Dione,FALSE,377415,376580,378260,0.0022,0.02,1.48,0,0,1123.4,0,0,0,NA,2.74,0,21/03/1684,11e20,NA,Secondary,Saturn,NA,NA,NA,1.8480065710159903,332.6411827828783,2.6026972789930332e-6,5.789473684210526e-7,0.0025228634487509454,10256369305893162e8
Rhea,FALSE,527068,526543,527597,0.001,0.35,1.24,0,0,1528.6,0,0,0,NA,4.518,108.432,23/12/1672,23e20,NA,Secondary,Saturn,NA,NA,NA,1.3240617908884622,238.3311223599232,4.818840253011788e-6,1.2105263157894736e-6,0.003523231965359785,10995976817344066e8
Titan,FALSE,1221865,1186680,1257060,0.0292,0.33,1.88,0,0,2575,0,0,0,NA,15.95,382.8,25/03/1655,135e21,NA,Secondary,Saturn,NA,NA,NA,0.5720083642628278,102.96150556730899,1.367443167843591e-5,7.105263157894735e-5,0.008167663044150534,12009546215458244e9
Hyperion,FALSE,1500934,1466112,1535756,0.1042,0.43,0.55,0,0,266,0,0,0,328x260x214,21.28,0,16/09/1848,56e17,NA,Secondary,Saturn,NA,NA,NA,0.46411634355674536,83.54094184021416,1.4592109911801847e-7,2.9473684210526315e-9,0.010033124087774868,3301445364468039e5
Iapetus,FALSE,3560851,3460068,3661612,0.0283,14.72,1.09,0,0,1471.2,0,0,0,NA,79.33,1735.92,25/10/1671,181e19,NA,Secondary,Saturn,NA,NA,NA,0.19596809863709544,35.27425775467718,4.463733433888253e-6,9.526315789473683e-7,0.02380281873891672,18958774048654147e6
Phoebe,FALSE,12947913,0,0,0.164,174.8,1.64,0,0,214.4,0,0,0,230x220x210,548.2,9.2736,17/03/1899,829e16,NA,Secondary,Saturn,NA,NA,NA,0.053796808798452694,9.683425583721485,9.479913639484478e-8,4.3631578947368415e-9,0.0865514525000522,6567412028370339e3
Janus,FALSE,151460,0,0,0.007,0.14,0.63,0,0,33,0,0,0,195x194x152,0.7,0,15/12/1966,19e17,NA,Secondary,Saturn,NA,NA,NA,4.597748580483296,827.5947444869934,2.2458600958155087e-9,9.999999999999999e-10,0.0010124475655387789,11000108648025366e6
Epimetheus,FALSE,151410,0,0,0.009,0.34,0.64,0,0,113.4,0,0,0,116x117x106,0.69,0,18/12/1966,53e16,NA,Secondary,Saturn,NA,NA,NA,4.599797899742422,827.9636219536359,2.6520452390950674e-8,2.789473684210526e-10,0.0010121133361826655,3070478278677929e6
Helene,FALSE,377420,0,0,0.005,0,1.3,0,0,33,0,0,0,39x37x25,2.74,0,01/03/1980,24e15,NA,Secondary,Saturn,NA,NA,NA,1.845092999841026,332.1167399713847,2.2458600958155087e-9,1.263157894736842e-11,0.002522896871686557,2237694012698568e4
Telesto,FALSE,294710,0,0,0.001,1.158,1,0,0,33,0,0,0,30x23x14,1.89,0,08/04/1980,1e16,NA,Secondary,Saturn,NA,NA,NA,2.3629160870007806,425.3248956601405,2.2458600958155087e-9,5.2631578947368416e-12,0.0019700146708037337,15291480451499518e3
Calypso,FALSE,294710,0,0,0.001,1.473,1,0,0,33,0,0,0,31x24x21,1.89,0,13/03/1980,65e14,NA,Secondary,Saturn,NA,NA,NA,2.3629160870007806,425.3248956601405,2.2458600958155087e-9,3.4210526315789472e-12,0.0019700146708037337,9939462293474687e3
Atlas,FALSE,137670,0,0,0,0.3,0.5,0,0,33,0,0,0,42x36x18,0.602,0,12/11/1980,7e15,NA,Secondary,Saturn,NA,NA,NA,5.0582915667901505,910.4924820222271,2.2458600958155087e-9,3.6842105263157895e-12,9.20267109122697e-4,4905222299323354e4
Prometheus,FALSE,139380,0,0,0.00204,0,0.48,0,0,33,0,0,0,133x79x61,0.613,0,??/10/1980,16e16,NA,Secondary,Saturn,NA,NA,NA,4.996233318984072,899.321997417133,2.2458600958155087e-9,8.421052631578947e-11,9.31697753101776e-4,10938514353409923e5
Pandora,FALSE,141720,0,0,0.0042,0,0.49,0,0,33,0,0,0,103x80x64,0.629,0,??/10/1980,14e16,NA,Secondary,Saturn,NA,NA,NA,4.913738357324301,884.4729043183742,2.2458600958155087e-9,7.368421052631579e-11,9.473396869678842e-4,9257741011622142e5
Pan,FALSE,133580,0,0,0,0,0.42,0,0,33,0,0,0,35x32x21,0.575,0,22/08/1981,495e13,NA,Secondary,Saturn,NA,NA,NA,5.213168138942955,938.370265009732,2.2458600958155087e-9,2.6052631578947365e-12,8.92927147792619e-4,36843561039565943e3
Ymir,FALSE,23140400,0,0,0.187,167.9,1,0,0,9,0,0,0,NA,1315.4,0,07/08/2000,397e13,NA,Secondary,Saturn,NA,NA,NA,0.030092435740090923,5.416638433216367,1.6704744514330227e-10,2.089473684210526e-12,0.15468401984414074,984664004048878.4
Paaliaq,FALSE,15024000,6908035,23139965,0.364,47.2,1,0,0,10,0,0,0,NA,686.9,0,07/08/2000,725e13,NA,Secondary,Saturn,NA,NA,NA,0.0463493077742279,8.342875399361022,2.0623141375716332e-10,3.8157894736842104e-12,0.10042923692496113,4265855453071323
Tarvos,FALSE,18263200,0,0,0.531,33.8,1,0,0,7,0,0,0,NA,926.2,0,23/09/2000,23e14,NA,Secondary,Saturn,NA,NA,NA,0.03812853169214595,6.863135704586272,1.0105339274101002e-10,1.2105263157894735e-12,0.12208195153141309,915826834475457.4
Ijiraq,FALSE,11367400,0,0,0.316,49.1,1,0,0,5,0,0,0,NA,451.4,0,23/09/2000,118e13,NA,Secondary,Saturn,NA,NA,NA,0.06125824726850467,11.02648450833084,5.155785343929083e-11,6.210526315789473e-13,0.07598637565367433,1212827403880459.5
Suttungr,FALSE,19476700,0,0,0.114,175.8,1,0,0,3,0,0,0,NA,1016.7,0,23/09/2000,230000000000000,NA,Secondary,Saturn,NA,NA,NA,0.03575271991661832,6.435489584991298,1.8560827238144698e-11,1.2105263157894735e-13,0.13019369800428585,80526044180309.06
Kiviuq,FALSE,11311100,0,0,0.334,48.7,1,0,0,7,0,0,0,NA,449.2,0,07/08/2000,279e13,NA,Secondary,Saturn,NA,NA,NA,0.06156333159462828,11.081399687033091,1.0105339274101002e-10,1.468421052631579e-12,0.07561003339869062,2896235003851663
Mundilfari,FALSE,18667900,0,0,0.21,169.4,1,0,0,3,0,0,0,NA,952.6,0,23/09/2000,230000000000000,NA,Secondary,Saturn,NA,NA,NA,0.03730173184985992,6.714311732974786,1.8560827238144698e-11,1.2105263157894735e-13,0.12478720393979513,87654896878424.11
Albiorix,FALSE,16401100,0,0,0.469,34,1,0,0,13,0,0,0,NA,783.5,13.32,09/11/2000,223e14,NA,Secondary,Saturn,NA,NA,NA,0.042457822950899636,7.642408131161934,3.4853108924960603e-10,1.1736842105263157e-11,0.10963458185103701,11010275564898812
Skathi,FALSE,15614300,0,0,0.27,148.5,1,0,0,3,0,0,0,NA,728.2,0,23/09/2000,350000000000000,NA,Secondary,Saturn,NA,NA,NA,0.04459661976521522,8.02739155773874,1.8560827238144698e-11,1.8421052631578948e-13,0.10437514870323619,190661183506169.72
Erriapus,FALSE,17611400,0,0,0.474,34.6,1,0,0,4,0,0,0,NA,871.2,0,23/09/2000,680000000000000,NA,Secondary,Saturn,NA,NA,NA,0.03953950282203573,7.117110507966431,3.299702620114613e-11,3.5789473684210526e-13,0.11772493764511852,291179254091110.7
Siarnaq,FALSE,18015400,0,0,0.295,45.6,1,0,0,16,0,0,0,NA,895.6,0,23/09/2000,435e14,NA,Secondary,Saturn,NA,NA,NA,0.03865348535142156,6.957627363255881,5.27952419218338e-10,2.2894736842105263e-11,0.12042551084251496,17800849035941718
Thrymr,FALSE,20439600,0,0,0.47,175,1,0,0,3,0,0,0,NA,1094.3,0,23/09/2000,230000000000000,NA,Secondary,Saturn,NA,NA,NA,0.03406842599659485,6.132316679387072,1.8560827238144698e-11,1.2105263157894735e-13,0.13663028694431814,73117667691422.89
Narvi,FALSE,19417300,0,0,0.431,145.8,1,0,0,3,0,0,0,NA,1003.9,0,05/02/2003,230000000000000,NA,Secondary,Saturn,NA,NA,NA,0.03586209205193307,6.455176569347952,1.8560827238144698e-11,1.2105263157894735e-13,0.1297966335292231,81019476666391.97
Methone,FALSE,194440,194421,194459,0,0,1,0,0,1.6,0,0,0,NA,1.01,0,01/06/2004,20000000000000,NA,Secondary,Saturn,NA,NA,NA,3.5812775149146265,644.6299526846328,5.279524192183382e-12,1.0526315789473684e-14,0.0012997511200538766,70258366713118830
Pallene,FALSE,212280,0,0,0,0,1,0,0,33,0,0,0,5x4x4,1.14,0,01/06/2004,60000000000000,NA,Secondary,Saturn,NA,NA,NA,3.280455059355568,590.4819106840022,2.2458600958155087e-9,3.157894736842105e-14,0.0014190041543151457,176836687532481340
Polydeuces,FALSE,377200,0,0,0,0,1,0,0,2,0,0,0,3x2x2,2.74,0,21/10/2004,10000000000000,NA,Secondary,Saturn,NA,NA,NA,1.846086956521739,332.295652173913,8.249256550286532e-12,5.263157894736842e-15,0.0025214262625196577,9334604255950808
Daphnis,FALSE,136500,0,0,0,0,0.34,0,0,33,0,0,0,9x8x6,0.594,0,01/05/2009,100000000000000,NA,Secondary,Saturn,NA,NA,NA,5.101648351648351,918.2967032967032,2.2458600958155087e-9,5.263157894736842e-14,9.124461421896429e-4,712810315447678e3
Aegir,FALSE,20749800,0,0,0.252,166.7,1,0,0,3,0,0,0,NA,1116.5,0,12/12/2004,150000000000000,NA,Secondary,Saturn,NA,NA,NA,0.033559118642107394,6.040641355579331,1.8560827238144698e-11,7.894736842105263e-14,0.1387038458696458,46270341801680.69
Bebhionn,FALSE,17117800,0,0,0.469,35,1,0,0,3,0,0,0,NA,834.8,0,12/12/2004,150000000000000,NA,Secondary,Saturn,NA,NA,NA,0.04067958499339869,7.322325298811764,1.8560827238144698e-11,7.894736842105263e-14,0.11442542544156681,67988372002407.68
Bergelmir,FALSE,19338300,0,0,0.142,158.5,1,0,0,3,0,0,0,NA,1005.9,0,12/12/2004,150000000000000,NA,Secondary,Saturn,NA,NA,NA,0.036008594343866836,6.48154698189603,1.8560827238144698e-11,7.894736842105263e-14,0.12926855114656388,53271380475388.57
Bestla,FALSE,20278000,0,0,0.521,145.2,1,0,0,3,0,0,0,NA,1083.6,0,13/12/2004,230000000000000,NA,Secondary,Saturn,NA,NA,NA,0.03433992504191735,6.1811865075451236,1.8560827238144698e-11,1.2105263157894735e-13,0.13555005766535955,74287693981947.61
Farbauti,FALSE,20387000,0,0,0.206,156.4,1,0,0,3,0,0,0,NA,1086.1,0,12/12/2004,90000000000000,NA,Secondary,Saturn,NA,NA,NA,0.03415632510913818,6.148138519644872,1.8560827238144698e-11,4.7368421052631573e-14,0.1362786776616868,28759090160358.555
Fenrir,FALSE,22454800,0,0,0.136,164.9,1,0,0,2,0,0,0,NA,1260.3,0,13/12/2004,50000000000000,NA,Secondary,Saturn,NA,NA,NA,0.031010919714270446,5.5819655485686805,8.249256550286532e-12,2.631578947368421e-14,0.1501010669131135,13170155435062.828
Fornjot,FALSE,25151200,0,0,0.206,170.4,1,0,0,3,0,0,0,NA,1490.9,0,12/12/2004,150000000000000,NA,Secondary,Saturn,NA,NA,NA,0.0276863529374344,4.983543528738192,1.8560827238144698e-11,7.894736842105263e-14,0.16812538762959814,31492933518069.355
Hati,FALSE,19775000,0,0,0.372,165.8,1,0,0,3,0,0,0,NA,1038.7,0,12/12/2004,150000000000000,NA,Secondary,Saturn,NA,NA,NA,0.0352134007585335,6.3384121365360295,1.8560827238144698e-11,7.894736842105263e-14,0.13218771034285853,50944529240939.06
Hyrrokkin,FALSE,18437300,0,0,0.333,151.4,1,0,0,4,0,0,0,NA,931.8,0,12/12/2004,350000000000000,NA,Secondary,Saturn,NA,NA,NA,0.03776832833440905,6.7982991001936295,3.299702620114613e-11,1.8421052631578948e-13,0.12324573814940001,136745385048970.97
Kari,FALSE,22077100,0,0,0.478,156.3,1,0,0,3,0,0,0,NA,1233.6,0,12/12/2004,230000000000000,NA,Secondary,Saturn,NA,NA,NA,0.03154150681022417,5.677471225840351,1.8560827238144698e-11,1.2105263157894735e-13,0.1475762983570327,62673372510071.38
Loge,FALSE,23065500,0,0,0.335,173.1,1,0,0,3,0,0,0,NA,1312,0,13/12/2004,150000000000000,NA,Secondary,Saturn,NA,NA,NA,0.030189893997528777,5.43418091955518,1.8560827238144698e-11,7.894736842105263e-14,0.15418334426868285,37445944643337.65
Skoll,FALSE,17663300,0,0,0.464,161.2,1,0,0,3,0,0,0,NA,878.3,0,12/12/2004,150000000000000,NA,Secondary,Saturn,NA,NA,NA,0.039423267452854224,7.09618814151376,1.8560827238144698e-11,7.894736842105263e-14,0.11807186771676424,63853814660109.45
Surtur,FALSE,22920400,0,0,0.451,177.5,1,0,0,3,0,0,0,NA,1297.7,0,12/12/2004,150000000000000,NA,Secondary,Saturn,NA,NA,NA,0.030381014292944278,5.46858257272997,1.8560827238144698e-11,7.894736842105263e-14,0.1532134106772417,37921556320557.766
Anthe,FALSE,197700,0,0,0.001,0.1,1,0,0,1,0,0,0,NA,1.04,0,30/05/2007,5000000000000,NA,Secondary,Saturn,NA,NA,NA,3.522220536165908,633.9996965098635,2.062314137571633e-12,2.631578947368421e-15,0.0013215428740724717,16990100367683084
Jarnsaxa,FALSE,19356400,0,0,0.216,163.3,1,0,0,3,0,0,0,NA,964.7,0,05/01/2006,100000000000000,NA,Secondary,Saturn,NA,NA,NA,0.03597492302287615,6.475486144117707,1.8560827238144698e-11,5.263157894736842e-14,0.12938954217347695,35447866569085.87
Greip,FALSE,18442200,0,0,0.326,179.8,1,0,0,3,0,0,0,NA,921.2,0,05/01/2006,150000000000000,NA,Secondary,Saturn,NA,NA,NA,0.03775823925562026,6.796483066011647,1.8560827238144698e-11,7.894736842105263e-14,0.12327849262629914,58574026961600.72
Tarqeq,FALSE,17909900,0,0,0.16,46.1,1,0,0,3,0,0,0,NA,887.5,0,05/01/2006,230000000000000,NA,Secondary,Saturn,NA,NA,NA,0.03888045159381125,6.998481286886024,1.8560827238144698e-11,1.2105263157894735e-13,0.11972028690111564,95231536796871.3
Aegaeon,FALSE,167500,0,0,2e-4,0.001,1,0,0,0.5,0,0,0,NA,0.808,19.63,15/08/2008,100000000000,NA,Secondary,Saturn,NA,NA,NA,4.157268656716418,748.3083582089553,5.155785343929083e-13,5.2631578947368417e-17,0.0011196683429799646,473379728224548.9
S/2004 S 7,FALSE,21005800,0,0,0.58,165.1,1,0,0,3,0,0,0,NA,1103,0,12/12/2004,150000000000000,NA,Secondary,Saturn,NA,NA,NA,0.03315012996410515,5.967023393538927,1.8560827238144698e-11,7.894736842105263e-14,0.14041510017294653,45149410623006.945
S/2004 S 12,FALSE,19867500,0,0,0.401,164,1,0,0,3,0,0,0,NA,1048,0,12/12/2004,90000000000000,NA,Secondary,Saturn,NA,NA,NA,0.03504945262363156,6.30890147225368,1.8560827238144698e-11,4.7368421052631573e-14,0.13280603465166835,30282752339572.43
S/2004 S 13,FALSE,18408700,0,0,0.273,167.4,1,0,0,3,0,0,0,NA,906,0,12/12/2004,150000000000000,NA,Secondary,Saturn,NA,NA,NA,0.03782695138711587,6.808851249680857,1.8560827238144698e-11,7.894736842105263e-14,0.12305455895770315,58787405997392.234
S/2004 S 17,FALSE,19449900,0,0,0.259,166.6,1,0,0,2,0,0,0,NA,986,0,13/12/2004,50000000000000,NA,Secondary,Saturn,NA,NA,NA,0.035801932143609994,6.444347785849799,8.249256550286532e-12,2.631578947368421e-14,0.13001455106940904,17553937086431.43
S/2006 S 1,FALSE,18797400,0,0,0.13,154.2,1,0,0,3,0,0,0,NA,970,0,04/01/2006,100000000000000,NA,Secondary,Saturn,NA,NA,NA,0.03704475086980114,6.668055156564206,1.8560827238144698e-11,5.263157894736842e-14,0.12565285797212888,37587523489714.5
S/2006 S 3,FALSE,22100100,0,0,0.471,150.8,1,0,0,3,0,0,0,NA,1142,0,05/01/2006,150000000000000,NA,Secondary,Saturn,NA,NA,NA,0.031508680956194766,5.671562572115058,1.8560827238144698e-11,7.894736842105263e-14,0.14773004386084487,40788906272652.87
S/2007 S 2,FALSE,16723300,0,0,0.218,176.7,1,0,0,3,0,0,0,NA,800,0,01/05/2007,150000000000000,NA,Secondary,Saturn,NA,NA,NA,0.04163920996454049,7.495057793617288,1.8560827238144698e-11,7.894736842105263e-14,0.1117883558218319,71233876083027.98
S/2007 S 3,FALSE,18981900,0,0,0.13,177.2,1,0,0,3,0,0,0,NA,1100,0,01/05/2007,150000000000000,NA,Secondary,Saturn,NA,NA,NA,0.03668468383038579,6.6032430894694425,1.8560827238144698e-11,7.894736842105263e-14,0.1268861642961874,55290583794420.07
S/2009 S 1,FALSE,117000,0,0,0,0,1,0,0,0.3,0,0,0,NA,0.4715,0,26/07/2009,100000000000,NA,Secondary,Saturn,NA,NA,NA,5.95164358974359,1071.2958461538462,1.85608272381447e-13,5.2631578947368417e-17,7.820966933054082e-4,970214040470450.6
Ariel,FALSE,190900,190670,191130,0.0012,0.04,1.59,0,0,581.1,0,0,0,NA,2.52038,60.4891,24/10/1851,129e19,NA,Secondary,Uranus,NA,NA,NA,3.650723415400733,657.1302147721319,6.963964841187453e-7,6.789473684210526e-7,0.0012760876816410463,47012909816778664e8
Umbriel,FALSE,266000,265100,267500,0.0039,0.13,1.46,0,0,584.7,0,0,0,NA,4.14418,99.499,24/10/1851,122e19,NA,Secondary,Uranus,NA,NA,NA,2.6200251879699246,471.60453383458645,7.050517690764369e-7,6.421052631578947e-7,0.0017781001745234067,2290001865566171e9
Titania,FALSE,436300,435800,436800,0.0011,0.08,1.66,0,0,788.9,0,0,0,NA,8.7058700000000009,208.9408,11/01/1787,342e19,NA,Secondary,Uranus,NA,NA,NA,1.5978246619298648,287.6084391473757,1.2835084466874632e-6,1.8e-6,0.002916485361445723,23861347130236766e8
Oberon,FALSE,583500,582702,584336,0.0014,0.07,1.56,0,0,761.4,0,0,0,NA,13.46323,323.1176,11/01/1787,288e19,NA,Secondary,Uranus,NA,NA,NA,1.1946930591259641,215.04475064267353,1.1955852924818373e-6,1.5157894736842103e-6,0.0039004565858436384,11234404213559254e8
Miranda,FALSE,129900,129703,130041,0.0013,4.34,1.2,0,0,240,0,0,0,NA,1.41348,33.9235,16/02/1948,66e18,NA,Secondary,Uranus,NA,NA,NA,5.362448036951501,965.2406466512701,1.1878929432412606e-7,3.473684210526316e-8,8.683278671826712e-4,51947531144049335e7
Cordelia,FALSE,49800,0,0,3e-4,0.08,1,0,0,20,0,0,0,NA,0.33503,0,20/01/1986,45e15,NA,Secondary,Uranus,NA,NA,NA,13.983172690763052,2516.971084337349,8.249256550286533e-10,2.3684210526315788e-11,3.328924386889686e-4,240986717956162e7
Ophelia,FALSE,53800,0,0,0.0099,0.1,1,0,0,21,0,0,0,NA,0.3764,0,20/01/1986,54e15,NA,Secondary,Uranus,NA,NA,NA,12.943550185873606,2329.839033457249,9.094805346690902e-10,2.8421052631578945e-11,3.596307871780424e-4,24778127720733543e5
Bianca,FALSE,59200,0,0,9e-4,0.19,1,0,0,27,0,0,0,NA,0.43458,0,23/01/1986,92e15,NA,Secondary,Uranus,NA,NA,NA,11.762989864864865,2117.3381756756758,1.5034270062897204e-9,4.8421052631578944e-11,3.95727557638292e-4,34864520178962745e5
Cressida,FALSE,61800,0,0,4e-4,0.01,1,0,0,41,0,0,0,NA,0.46357,0,09/01/1986,34e16,NA,Secondary,Uranus,NA,NA,NA,11.268333333333333,2028.3,3.4667500652579154e-9,1.7894736842105263e-10,4.1310748415619e-4,11823369047245e9
Desdemona,FALSE,62700,0,0,1e-4,0.11,1,0,0,35,0,0,0,NA,0.47365,0,13/01/1986,18e16,NA,Secondary,Uranus,NA,NA,NA,11.106491228070176,1999.1684210526316,2.5263348185252506e-9,9.473684210526315e-11,4.1912361256623155e-4,6081023786085483e6
Juliet,FALSE,64400,0,0,7e-4,0.07,1,0,0,53,0,0,0,NA,0.49307,0,03/01/1986,56e16,NA,Secondary,Uranus,NA,NA,NA,10.813586956521739,1946.445652173913,5.7930404124387175e-9,2.9473684210526316e-10,4.304874106740879e-4,17933108290575208e6
Portia,FALSE,66100,0,0,1e-4,0.06,1,0,0,70,0,0,0,NA,0.5132,0,03/01/1986,17e17,NA,Secondary,Uranus,NA,NA,NA,10.53573373676248,1896.4320726172466,1.0105339274101002e-8,8.947368421052631e-10,4.4185120878194426e-4,5167557064091677e7
Rosalind,FALSE,69900,0,0,1e-4,0.28,1,0,0,36,0,0,0,NA,0.55846,0,13/01/1986,25e15,NA,Secondary,Uranus,NA,NA,NA,9.962489270386266,1793.2480686695278,2.6727591222928363e-9,1.3157894736842105e-11,4.672526398465644e-4,6795555064357215e5
Belinda,FALSE,75300,0,0,1e-4,0.03,1,0,0,45,0,0,0,NA,0.62353,0,13/01/1986,49e16,NA,Secondary,Uranus,NA,NA,NA,9.24816733067729,1664.6701195219123,4.176186128582557e-9,2.5789473684210525e-10,5.03349410306814e-4,11477449917020716e6
Puck,FALSE,86000,0,0,1e-4,0.32,1,0,0,81,0,0,0,NA,0.76183,0,30/12/1985,29e17,NA,Secondary,Uranus,NA,NA,NA,8.097941860465117,1457.629534883721,1.3530843056607487e-8,1.526315789473684e-9,5.748744925150864e-4,5207633044889129e7
Caliban,FALSE,7231100,0,0,0.1812,141.53,1,0,0,36,0,0,0,NA,-579.5,0,06/09/1997,25e16,NA,Secondary,Uranus,NA,NA,NA,0.09630319038597171,17.334574269474906,2.6727591222928363e-9,1.3157894736842104e-10,0.04833691793983536,634995360797789300
Sycorax,FALSE,12179400,0,0,0.5219,159.42,1,0,0,75,0,0,0,NA,-1283.4,0,06/09/1997,23e17,NA,Secondary,Uranus,NA,NA,NA,0.05717991034041086,10.292383861273954,1.1600517023840438e-8,1.2105263157894736e-9,0.08141426039695632,2059279645559888400
Prospero,FALSE,16276800,0,0,0.4445,151.83,1,0,0,25,0,0,0,NA,-1977.3,0,18/07/1999,85e15,NA,Secondary,Uranus,NA,NA,NA,0.04278279514400865,7.700903125921557,1.2889463359822709e-9,4.473684210526316e-11,0.10880368767173904,42610845344912736
Setebos,FALSE,17420400,0,0,0.5908,158.24,1,0,0,24,0,0,0,NA,-2234.8,0,18/07/1999,75e15,NA,Secondary,Uranus,NA,NA,NA,0.03997416821657367,7.195350278983261,1.1878929432412607e-9,3.9473684210526314e-11,0.11644818150476524,32823455254447828
Stephano,FALSE,8007400,0,0,0.2248,143.82,1,0,0,16,0,0,0,NA,-676.5,0,18/07/1999,22e15,NA,Secondary,Uranus,NA,NA,NA,0.08696430801508605,15.65357544271549,5.27952419218338e-10,1.1578947368421052e-11,0.05352616292285235,45569987781782904
Trinculo,FALSE,8505200,0,0,0.2194,166.93,1,0,0,9,0,0,0,NA,-758.1,0,13/08/2001,39e14,NA,Secondary,Uranus,NA,NA,NA,0.08187355970465127,14.737240746837228,1.6704744514330227e-10,2.0526315789473685e-12,0.05685375039231759,7160359454783080
Francisco,FALSE,4282900,0,0,0.1324,147.25,1,0,0,11,0,0,0,NA,-266.6,0,13/08/2001,72e14,NA,Secondary,Uranus,NA,NA,NA,0.1625891335310187,29.266044035583366,2.4954001064616764e-10,3.789473684210526e-12,0.028629418185963526,52130982077002424
Margaret,FALSE,23808000,0,0,0.6772,57.37,1,0,0,10,0,0,0,NA,1694.8,0,29/08/2003,54e14,NA,Secondary,Uranus,NA,NA,NA,0.029248655913978495,5.264758064516129,2.0623141375716332e-10,2.8421052631578945e-12,0.15914665020696717,1265281653429045.2
Ferdinand,FALSE,20430000,0,0,0.3993,169.79,1,0,0,10,0,0,0,NA,-2823.4,0,13/08/2001,54e14,NA,Secondary,Uranus,NA,NA,NA,0.03408477728830152,6.1352599118942734,2.0623141375716332e-10,2.8421052631578945e-12,0.13656611490794435,1718289377502636
Perdita,FALSE,76417,0,0,0,0.47,1,0,0,13,0,0,0,NA,0.638,0,18/01/1986,18e18,NA,Secondary,Uranus,NA,NA,NA,9.112566575500216,1640.2619835900389,3.4853108924960603e-10,9.473684210526315e-9,5.108160941223878e-4,4.0938489615853177e+023
Mab,FALSE,97736,0,0,0,0.13,1,0,0,12,0,0,0,NA,0.923,0,25/08/2003,1e16,NA,Secondary,Uranus,NA,NA,NA,7.124846525333552,1282.4723745600393,2.9697323581031517e-10,5.2631578947368416e-12,6.533248069820289e-4,1390369259034109e5
Cupid,FALSE,74392,0,0,0,0.1,1,0,0,9,0,0,0,NA,0.613,0,25/08/2003,38e14,NA,Secondary,Uranus,NA,NA,NA,9.360562963759545,1684.901333476718,1.6704744514330227e-10,2e-12,4.972798051997942e-4,9119486944591079e4
Triton,FALSE,354759,354753,354765,2e-5,157.345,2.05,0.78,0,1353.4,0,0,0,NA,5.87685,141.0444,10/10/1846,2.1400000000000002e+022,NA,Secondary,Neptune,NA,NA,NA,1.9666742774672383,354.0013699441029,3.77752339985864e-6,1.1263157894736843e-5,0.002371417442908832,22583237819212137e9
Nereid,FALSE,5513818,1372000,9655000,0.7512,7.23,1,0.071,0,170,0,0,0,NA,360.13619,0,01/05/1949,3e19,NA,Secondary,Neptune,NA,NA,NA,0.12632118071361803,22.737812528451247,5.96008785758202e-8,1.5789473684210525e-8,0.03685759679733196,13105562919302467e4
Naiad,FALSE,48227,0,0,3e-4,4.74,1,0.01,0,33,0,0,0,48 x 30 x 26,0.2944,0,18/09/1989,2e17,NA,Secondary,Neptune,NA,NA,NA,14.439525576958966,2599.114603852614,2.2458600958155087e-9,1.0526315789473684e-10,3.2237758314564033e-4,11420596299279253e6
Thalassa,FALSE,50074,0,0,2e-4,0.21,1,0.013,0,33,0,0,0,54 x 50 x 26,0.31149,0,18/09/1989,4e17,NA,Secondary,Neptune,NA,NA,NA,13.906917761712664,2503.2451971082796,2.2458600958155087e-9,2.1052631578947368e-10,3.347240155604702e-4,21187255315701476e6
Despina,FALSE,52526,0,0,1e-4,0.07,1,0.023,0,33,0,0,0,90 x 74 x 64,0.33466,0,28/07/1989,2e18,NA,Secondary,Neptune,NA,NA,NA,13.257719986292503,2386.3895975326504,2.2458600958155087e-9,1.0526315789473683e-9,3.511146231842724e-4,9627657138400342e7
Galatea,FALSE,61953,0,0,1e-4,0.05,1,0.03,0,33,0,0,0,102 x 92 x 72,0.42875,0,28/07/1989,2e18,NA,Secondary,Neptune,NA,NA,NA,11.240375768727906,2023.2676383710232,2.2458600958155087e-9,1.0526315789473683e-9,4.1413022598589706e-4,6920613435866063e7
Larissa,FALSE,73548,0,0,0.0014,0.2,1,0.034,0,33,0,0,0,108 x 102 x 84,0.55465,0,24/05/1981,5e18,NA,Secondary,Neptune,NA,NA,NA,9.468306412139011,1704.295154185022,2.2458600958155087e-9,2.631578947368421e-9,4.916380136685996e-4,12276301565376628e7
Proteus,FALSE,117646,0,0,4e-4,0.04,1,0.075,0,33,0,0,0,220 x 208 x 202,1.12232,0,16/06/1989,5e19,NA,Secondary,Neptune,NA,NA,NA,5.919240773166958,1065.4633391700524,2.2458600958155087e-9,2.6315789473684208e-8,7.864149365863937e-4,47979415375590424e7
Halimede,FALSE,16611000,0,0,0.571,134.1,1,0.01,0,30,0,0,0,NA,1879.7,0,14/08/2002,2e17,NA,Secondary,Neptune,NA,NA,NA,0.04192234061766299,7.546021311179339,1.8560827238144698e-9,1.0526315789473684e-10,0.11103767668800116,96267062057707980
Psamathe,FALSE,48096000,0,0,0.45,137.4,1,0,0,20,0,0,0,NA,9115.9,0,19/08/2003,2e16,NA,Secondary,Neptune,NA,NA,NA,0.014478584497671323,2.606145209580838,8.249256550286533e-10,1.0526315789473683e-11,0.3215019022326232,1148289402012121.2
Sao,FALSE,22228000,0,0,0.293,48.5,1,0.01,0,20,0,0,0,NA,2914.1,0,14/08/2002,1e17,NA,Secondary,Neptune,NA,NA,NA,0.03132814468238258,5.639066042828865,8.249256550286533e-10,5.263157894736842e-11,0.148585002553783,26880571785544860
Laomedeia,FALSE,23567000,0,0,0.424,34.7,1,0.01,0,20,0,0,0,NA,3167.9,0,13/08/2002,1e17,NA,Secondary,Neptune,NA,NA,NA,0.029548181779607077,5.318672720329274,8.249256550286533e-10,5.263157894736842e-11,0.15753566471050046,23912813410504160
Neso,FALSE,49285000,0,0,0.495,132.6,1,0,0,30,0,0,0,NA,9374,0,14/08/2002,1e17,NA,Secondary,Neptune,NA,NA,NA,0.014129491731764228,2.543308511717561,1.8560827238144698e-9,5.263157894736842e-11,0.32944987632100037,5467763945800620
Charon,FALSE,17536,0,0,0,0,1,0,0,33,0,0,0,39x37x25,2.74,0,13/04/1978,24e15,NA,Secondary,Pluto,NA,NA,NA,39.71116560218978,7148.00980839416,2.2458600958155087e-9,1.263157894736842e-11,1.1722091977609947e-4,10365480687902925e6
Nix,FALSE,48708,0,0,0,0,1,0,0,33,0,0,0,39x37x25,2.74,0,15/05/2005,24e15,NA,Secondary,Pluto,NA,NA,NA,14.296932742054693,2573.447893569845,2.2458600958155087e-9,1.263157894736842e-11,3.255928695514515e-4,13435379114778703e5
Hydra,FALSE,64749,0,0,0,0,1,0,0,33,0,0,0,39x37x25,2.74,0,15/05/2005,24e15,NA,Secondary,Pluto,NA,NA,NA,10.754992355094288,1935.8986239169717,2.2458600958155087e-9,1.263157894736842e-11,4.3282033157975963e-4,7602989479473377e5
Namaka,FALSE,39300,0,0,0,0,1,0,0,33,0,0,0,39x37x25,2.74,0,30/06/2005,24e15,NA,Secondary,136108 Haumea,NA,NA,NA,17.71946564885496,3189.503816793893,2.2458600958155087e-9,1.263157894736842e-11,2.627042739051499e-4,20637896004506343e5
Hiʻiaka,FALSE,49500,0,0,0,0,1,0,0,33,0,0,0,39x37x25,2.74,0,26/01/2005,24e15,NA,Secondary,136108 Haumea,NA,NA,NA,14.068181818181818,2532.2727272727275,2.2458600958155087e-9,1.263157894736842e-11,3.308870625522881e-4,13008886440159168e5
Dysnomia,FALSE,30000,0,0,0,0,1,0,0,33,0,0,0,39x37x25,2.74,0,??/09/2005,24e15,NA,Secondary,136199 Eris,NA,NA,NA,23.2125,4178.25,2.2458600958155087e-9,1.263157894736842e-11,2.005376136680534e-4,35416693333333335e5
Dia,FALSE,12555000,0,0,0.211,28.23,1,0,0,2,0,0,0,NA,287,0,27/12/2000,90000000000000,NA,Secondary,Jupiter,NA,NA,NA,0.05546348068498606,9.983426523297492,8.249256550286532e-12,4.7368421052631573e-14,0.08392499132008034,75831274292753.45
S/2004 S 3,FALSE,141000,0,0,0.02,0,1,0,0,2,0,0,0,NA,0.62,0,21/06/2004,24e15,NA,Secondary,Saturn,NA,NA,NA,4.938609929078014,888.9497872340426,8.249256550286532e-12,1.263157894736842e-11,9.425267842398509e-4,1603290780141844e5
S/2004 S 4,FALSE,140100,0,0,0,0,1,0,0,2,0,0,0,NA,0.61,0,09/09/2004,24e15,NA,Secondary,Saturn,NA,NA,NA,4.970335474660956,894.6603854389721,8.249256550286532e-12,1.263157894736842e-11,9.365106558298093e-4,16239559690462763e4
S/2004 S 6,FALSE,140000,0,0,0.002,0.02,1,0,0,2.5,0,0,0,NA,0.61,0,28/10/2004,24e15,NA,Secondary,Saturn,NA,NA,NA,4.973889285714286,895.3000714285714,1.2889463359822707e-11,1.263157894736842e-11,9.358421971175824e-4,16262767346938777e4
S/2010 J 1,FALSE,23314335,0,0,0.32,163.2,1,0,0,1,0,0,0,NA,723.2,0,07/09/2010,24e15,NA,Secondary,Jupiter,NA,NA,NA,0.02986759004706761,5.37616620847217,2.062314137571633e-12,1.263157894736842e-11,0.1558467035052525,5864141693175185
S/2010 J 2,FALSE,20320000,0,0,0.307,150.4,1,0,0,0.5,0,0,0,NA,588.1,0,08/09/2010,24e15,NA,Secondary,Jupiter,NA,NA,NA,0.03426882381889764,6.168388287401576,5.155785343929083e-13,1.263157894736842e-11,0.13583081032449482,7719747814495629
1 Ceres,TRUE,413690250,382620000,445410000,0.07582,10.593,2.161,0.28,510,476.2,487,455,0.9619,NA,1681.63,9.07,01/01/1801,939e18,4210000000,Primary,NA,NA,0.09,8.441574947406934e-6,0.0016843959943460111,0.303191278982282,4.676636351387895e-7,4.942105263157895e-7,2.765348517758014,728709279907864800
6 Hebe,FALSE,362959000,0,0,0,0,1,0,0,33,0,0,0,39x37x25,2.74,0,01/07/1847,24e15,NA,Primary,NA,NA,NA,NA,0.0019186051317090912,0.3453489237076364,2.2458600958155087e-9,1.263157894736842e-11,2.426231057311433,24195543442489.51
47171 Lempo,FALSE,5884000000,0,0,0,0,1,0,0,33,0,0,0,39x37x25,2.74,0,01/10/1999,24e15,NA,Primary,NA,NA,NA,NA,1.1835061182868796e-4,0.021303110129163833,2.2458600958155087e-9,1.263157894736842e-11,39.33211062742754,92067254479.41878
The Little Prince,FALSE,1190,0,0,0,0,1,0,0,33,0,0,0,39x37x25,2.74,0,01/11/1999,24e15,NA,Secondary,45 Eugenia,NA,NA,NA,585.1890756302521,105334.03361344538,2.2458600958155087e-9,1.263157894736842e-11,7.95465867549945e-6,22509020549396228e8
762 Pulcova,FALSE,472579673,0,0,0,0,1,0,0,33,0,0,0,39x37x25,2.74,0,03/09/1913,24e15,NA,Primary,NA,NA,NA,NA,0.0014735610517890387,0.265240989322027,2.2458600958155087e-9,1.263157894736842e-11,3.1589999963816333,14272512943504.1
4179 Toutatis,FALSE,377326000,0,0,0,0,1,0,0,33,0,0,0,39x37x25,2.74,0,04/01/1989,24e15,NA,Primary,NA,NA,NA,NA,0.0018455526520833444,0.332199477375002,2.2458600958155087e-9,1.263157894736842e-11,2.5222685204970636,22388090667245.28
50000 Quaoar,FALSE,6489054000,0,0,0,0,1,0,0,33,0,0,0,39x37x25,2.74,0,04/06/2002,24e15,NA,Primary,NA,NA,NA,NA,1.0731533440775805e-4,0.019316760193396447,2.2458600958155087e-9,1.263157894736842e-11,43.376646804104546,75698581940.68066
2867 Šteins,FALSE,353495000,0,0,0,0,1,0,0,33,0,0,0,39x37x25,2.74,0,04/11/1969,24e15,NA,Primary,NA,NA,NA,NA,0.0019699712867225845,0.3545948316100652,2.2458600958155087e-9,1.263157894736842e-11,2.3629681247862844,25508444123823.53
136199 Eris,TRUE,10180122852,2147483647,2147483647,0.44068,44.0445,2.52,0.82,1380,1163,0,0,0,NA,203830,25.92,05/01/2005,166e20,6590000000,Primary,NA,NA,0.96,3.0297448230021508e-005,6.851636371588259e-5,0.012332945468858866,2.789422170741126e-6,8.736842105263157e-6,68.04991811958993,21273616636202764
5 Astraea,FALSE,384877000,0,0,0,0,1,0,0,33,0,0,0,39x37x25,2.74,0,08/12/1845,24e15,NA,Primary,NA,NA,NA,NA,0.001809344284018011,0.325681971123242,2.2458600958155087e-9,1.263157894736842e-11,2.572743837857313,21518232864126.945
5145 Pholus,FALSE,3055227000,0,0,0,0,1,0,0,33,0,0,0,39x37x25,2.74,0,09/01/1992,24e15,NA,Primary,NA,NA,NA,NA,2.2792905404410213e-4,0.04102722972793838,2.2458600958155087e-9,1.263157894736842e-11,20.422931059806857,341478648322.8195
4769 Castalia,FALSE,159053000,0,0,0,0,1,0,0,33,0,0,0,39x37x25,2.74,0,09/08/1989,24e15,NA,Primary,NA,NA,NA,NA,0.004378257561944761,0.7880863611500569,2.2458600958155087e-9,1.263157894736842e-11,1.063203635558163,125998910661317.75
Remus,FALSE,706,0,0,0,0,1,0,0,33,0,0,0,39x37x25,2.74,0,09/08/2005,24e15,NA,Secondary,87 Sylvia,NA,NA,NA,986.3668555240794,177546.03399433428,2.2458600958155087e-9,1.263157894736842e-11,4.719318508321523e-6,6395008386232135e9
624 Hektor,FALSE,781183000,0,0,0,0,1,0,0,33,0,0,0,39x37x25,2.74,0,10/02/1907,24e15,NA,Primary,NA,NA,NA,NA,8.914364495899168e-4,0.16045856092618505,2.2458600958155087e-9,1.263157894736842e-11,5.2218858219350315,5223299794124.4795
216 Kleopatra,FALSE,417796000,0,0,0,0,1,0,0,33,0,0,0,39x37x25,2.74,0,10/04/1880,24e15,NA,Primary,NA,NA,NA,NA,0.0016667823531101302,0.30002082355982346,2.2458600958155087e-9,1.263157894736842e-11,2.792793761335268,18260891036467.125
3753 Cruithne,FALSE,149260000,0,0,0,0,1,0,0,33,0,0,0,39x37x25,2.74,0,10/10/1986,24e15,NA,Primary,NA,NA,NA,NA,0.0046655165483049715,0.8397929786948949,2.2458600958155087e-9,1.263157894736842e-11,0.9977414738697883,143074964186624.1
3 Junon,FALSE,399480000,0,0,0,0,1,0,0,33,0,0,0,39x37x25,2.74,0,12/01/1804,24e15,NA,Primary,NA,NA,NA,NA,0.0017432036647641934,0.3137766596575548,2.2458600958155087e-9,1.263157894736842e-11,2.670358863603799,19973788093340.81
10 Hygiea,FALSE,469345000,0,0,0,0,1,0,0,33,0,0,0,39x37x25,2.74,0,12/04/1849,24e15,NA,Primary,NA,NA,NA,NA,0.001483716668974848,0.2670690004154726,2.2458600958155087e-9,1.263157894736842e-11,3.137377542901084,14469919971793.65
21 Lutetia,FALSE,364277000,0,0,0,0,1,0,0,33,0,0,0,39x37x25,2.74,0,12/11/1852,24e15,NA,Primary,NA,NA,NA,NA,0.0019116633770454902,0.3440994078681882,2.2458600958155087e-9,1.263157894736842e-11,2.435041343138583,24020775143985.547
253 Mathilde,FALSE,395900000,0,0,0,0,1,0,0,33,0,0,0,39x37x25,2.74,0,12/11/1885,24e15,NA,Primary,NA,NA,NA,NA,0.0017589669108360698,0.3166140439504926,2.2458600958155087e-9,1.263157894736842e-11,2.646428041706078,20336654803680.13
Uranus,TRUE,2870658186,2147483647,2147483647,0.0457,0.772,1.27,8.87,21380,25362,25559,24973,0.02293,NA,30685.4,-17.24,13/03/1781,868e23,68300000000000,Primary,NA,0.3,0.488,0.296744357103154,2.5140715238048896e-4,0.04525328742848801,0.0013265444757661613,0.045684210526315785,19.189164742570096,13989301719181238e5
7 Iris,FALSE,357019000,0,0,0,0,1,0,0,33,0,0,0,39x37x25,2.74,0,13/08/1847,24e15,NA,Primary,NA,NA,NA,NA,0.0019505264425702833,0.351094759662651,2.2458600958155087e-9,1.263157894736842e-11,2.3865246098051585,25007360913888.58
433 Eros,FALSE,218155000,0,0,0,0,1,0,0,33,0,0,0,39x37x25,2.74,0,13/08/1898,24e15,NA,Primary,NA,NA,NA,NA,0.0031921111136577205,0.5745800004583896,2.2458600958155087e-9,1.263157894736842e-11,1.4582761036584728,66976149791580.805
Vanth,FALSE,8980,0,0,0,0,1,0,0,33,0,0,0,39x37x25,2.74,0,13/11/2005,24e15,NA,Secondary,90482 Orcus,NA,NA,NA,77.54732739420935,13958.518930957682,2.2458600958155087e-9,1.263157894736842e-11,6.0027592357970644e-5,3952736345553841e7
90377 Sedna,FALSE,75659770000,0,0,0,0,1,0,0,33,0,0,0,39x37x25,2.74,0,14/11/2003,24e15,NA,Primary,NA,NA,NA,NA,9.204032737609433e-6,0.001656725892769698,2.2458600958155087e-9,1.263157894736842e-11,505.7543242157925,556827258.1429173
10199 Chariklo,FALSE,2380000000,0,0,0,0,1,0,0,33,0,0,0,39x37x25,2.74,0,15/02/1997,24e15,NA,Primary,NA,NA,NA,NA,2.9259453781512606e-4,0.05266701680672269,2.2458600958155087e-9,1.263157894736842e-11,15.9093173509989,562725513734.9056
87 Sylvia,FALSE,522135000,0,0,0,0,1,0,0,33,0,0,0,39x37x25,2.74,0,16/05/1866,24e15,NA,Primary,NA,NA,NA,NA,0.0013337067999655262,0.2400672239937947,2.2458600958155087e-9,1.263157894736842e-11,3.490256897085635,11691895051550.355
(243) Ida I Dactyl,FALSE,108,0,0,0,0,1,0,0,33,0,0,0,39x37x25,2.74,0,17/02/1994,24e15,NA,Secondary,243 Ida,NA,NA,NA,6447.916666666667,1160625,2.2458600958155087e-9,1.263157894736842e-11,7.219354092049922e-7,2732769547325103e11
90482 Orcus,FALSE,5862440000,0,0,0,0,1,0,0,33,0,0,0,39x37x25,2.74,0,17/02/2004,24e15,NA,Primary,NA,NA,NA,NA,1.1878586390649628e-4,0.02138145550316933,2.2458600958155087e-9,1.263157894736842e-11,39.187990929071425,92745681898.25159
Pluto,TRUE,5906440628,2147483647,2147483647,0.2488,17.16,1.89,0.62,1210,1188.3,1188.3,1195,0,NA,90465,-153.2928,18/02/1930,13e21,7150000000,Primary,NA,NA,0.575,3.101713333747397e-5,1.1809655661199683e-4,0.02125738019015943,2.9121048873024323e-6,6.842105263157894e-6,39.482116960371954,49491537470264384
5335 Damocles,FALSE,8368303000,0,0,0,0,1,0,0,33,0,0,0,39x37x25,2.74,0,18/02/1991,24e15,NA,Primary,NA,NA,NA,NA,8.32157965599477e-5,0.014978843380790587,2.2458600958155087e-9,1.263157894736842e-11,55.938650469040404,45517219746.86122
Romulus,FALSE,1356,0,0,0,0,1,0,0,33,0,0,0,39x37x25,2.74,0,18/02/2001,24e15,NA,Secondary,87 Sylvia,NA,NA,NA,513.5508849557522,92439.15929203539,2.2458600958155087e-9,1.263157894736842e-11,9.064300137796013e-6,17335291200041768e8
Alexhelios,FALSE,775,0,0,0,0,1,0,0,33,0,0,0,39x37x25,2.74,0,18/09/2008,24e15,NA,Secondary,216 Kleopatra,NA,NA,NA,898.5483870967741,161738.70967741933,2.2458600958155087e-9,1.263157894736842e-11,5.180555019758046e-6,5306975900104058e9
Cleoselene,FALSE,380,0,0,0,0,1,0,0,33,0,0,0,39x37x25,2.74,0,18/09/2008,24e15,NA,Secondary,216 Kleopatra,NA,NA,NA,1832.5657894736842,329861.84210526315,2.2458600958155087e-9,1.263157894736842e-11,2.5401431064620094e-6,22074116343490306e9
8 Flora,FALSE,329313000,0,0,0,0,1,0,0,33,0,0,0,39x37x25,2.74,0,18/10/1847,24e15,NA,Primary,NA,NA,NA,NA,0.0021146295469659563,0.3806333184538721,2.2458600958155087e-9,1.263157894736842e-11,2.201321438995589,29392245728460.742
2060 Chiron,FALSE,2042652000,0,0,0,0,1,0,0,33,0,0,0,39x37x25,2.74,0,18/10/1977,24e15,NA,Primary,NA,NA,NA,NA,3.409171018851963e-4,0.061365078339335334,2.2458600958155087e-9,1.263157894736842e-11,13.654285254475885,763944402737.1312
5261 Eureka,FALSE,227908000,0,0,0,0,1,0,0,33,0,0,0,39x37x25,2.74,0,20/06/1990,24e15,NA,Primary,NA,NA,NA,NA,0.0030555092405707565,0.5499916633027362,2.2458600958155087e-9,1.263157894736842e-11,1.523470881861957,61366503696464.04
588 Achilles,FALSE,776669000,0,0,0,0,1,0,0,33,0,0,0,39x37x25,2.74,0,22/02/1906,24e15,NA,Primary,NA,NA,NA,NA,8.966174779732421e-4,0.16139114603518356,2.2458600958155087e-9,1.263157894736842e-11,5.191711595665112,5284191867487.402
Weywot,FALSE,10000,0,0,0,0,1,0,0,33,0,0,0,39x37x25,2.74,0,22/02/2007,24e15,NA,Secondary,50000 Quaoar,NA,NA,NA,69.6375,12534.75,2.2458600958155087e-9,1.263157894736842e-11,6.684587122268446e-5,31875024e15
28978 Ixion,FALSE,5910896000,0,0,0,0,1,0,0,33,0,0,0,39x37x25,2.74,0,22/05/2001,24e15,NA,Primary,NA,NA,NA,NA,1.1781208804891847e-4,0.021206175848805325,2.2458600958155087e-9,1.263157894736842e-11,39.51189928266807,91231304352.61053
Neptune,TRUE,4498396441,2147483647,2147483647,0.0113,1.769,1.638,11.15,23560,24622,24764,24341,0.01708,NA,60189,16.11,23/09/1846,102e24,62500000000000,Primary,NA,0.29,0.442,0.27858249283654357,1.602713343423615e-4,0.02884884018162507,0.0012502632704753996,0.05368421052631579,30.06992292036681,6694590188575544e5
Shoemaker-Levy 9,FALSE,0,0,0,0,0,1,0,0,33,0,0,0,39x37x25,2.74,0,24/03/1993,24e15,NA,Primary,NA,NA,NA,NA,Inf,Inf,2.2458600958155087e-9,1.263157894736842e-11,0,Inf
9 Metis,FALSE,357052000,0,0,0,0,1,0,0,33,0,0,0,39x37x25,2.74,0,25/04/1848,24e15,NA,Primary,NA,NA,NA,NA,0.0019503461680651557,0.351062310251728,2.2458600958155087e-9,1.263157894736842e-11,2.3867452011801933,25002738591233.98
136108 Haumea,TRUE,6432011461,2147483647,2147483647,0.19126,28.19,2.6,0.401,809,33,0,498,0.6102,1960 x 1518 x 996,103774,3.92,28/12/2004,401e19,2400000000,Primary,NA,NA,0.66,9.082714741329073e-6,1.0826706454464758e-4,0.019488071618036566,2.2458600958155087e-9,2.1105263157894735e-6,42.995340982483654,12873304208117888
7066 Nessus,FALSE,3689000000,0,0,0,0,1,0,0,33,0,0,0,39x37x25,2.74,0,26/04/1993,24e15,NA,Primary,NA,NA,NA,NA,1.8877066955814585e-4,0.03397872052046625,2.2458600958155087e-9,1.263157894736842e-11,24.659441894048296,234224979702.3541
25143 Itokawa,FALSE,198049628,0,0,0,0,1,0,0,33,0,0,0,39x37x25,2.74,0,26/09/1998,24e15,NA,Primary,NA,NA,NA,NA,0.003516164140434538,0.6329095452782169,2.2458600958155087e-9,1.263157894736842e-11,1.3238799928988563,81264797677167.6
10370 Hylonome,FALSE,3779000000,0,0,0,0,1,0,0,33,0,0,0,39x37x25,2.74,0,27/02/1995,24e15,NA,Primary,NA,NA,NA,NA,1.8427494046043927e-4,0.03316948928287907,2.2458600958155087e-9,1.263157894736842e-11,25.261054735052458,223201308662.42404
45 Eugenia,FALSE,406934000,0,0,0,0,1,0,0,33,0,0,0,39x37x25,2.74,0,27/06/1857,24e15,NA,Primary,NA,NA,NA,NA,0.0017112725896582738,0.3080290661384893,2.2458600958155087e-9,1.263157894736842e-11,2.720185776013188,19248751493082.68
(308933) 2006 SQ372,FALSE,152000000000,0,0,0,0,1,0,0,33,0,0,0,39x37x25,2.74,0,27/09/2006,24e15,NA,Primary,NA,NA,NA,NA,4.5814144736842105e-6,8.246546052631579e-4,2.2458600958155087e-9,1.263157894736842e-11,1016.0572425848038,137963227.14681438
2 Pallas,FALSE,414717000,0,0,0,0,1,0,0,33,0,0,0,39x37x25,2.74,0,28/03/1802,24e15,NA,Primary,NA,NA,NA,NA,0.0016791571119582752,0.30224828015248956,2.2458600958155087e-9,1.263157894736842e-11,2.7722119175858033,18533047718306.25
8405 Asbolus,FALSE,2694000000,0,0,0,0,1,0,0,33,0,0,0,39x37x25,2.74,0,28/03/1995,24e15,NA,Primary,NA,NA,NA,NA,2.5849109131403117e-4,0.04652839643652561,2.2458600958155087e-9,1.263157894736842e-11,18.008277707391194,439192927283.7602
20000 Varuna,FALSE,6451398000,0,0,0,0,1,0,0,33,0,0,0,39x37x25,2.74,0,28/11/2000,24e15,NA,Primary,NA,NA,NA,NA,1.0794172053871115e-4,0.01942950969696801,2.2458600958155087e-9,1.263157894736842e-11,43.12493199142841,76584847157.54245
4 Vesta,FALSE,353343000,0,0,0,0,1,0,0,33,0,0,0,39x37x25,2.74,0,29/03/1807,24e15,NA,Primary,NA,NA,NA,NA,0.0019708187228839966,0.3547473701191194,2.2458600958155087e-9,1.263157894736842e-11,2.3619520675436996,25530395131573.734
243 Ida,FALSE,428000000,0,0,0,0,1,0,0,33,0,0,0,39x37x25,2.74,0,29/09/1884,24e15,NA,Primary,NA,NA,NA,NA,0.0016270443925233645,0.2928679906542056,2.2458600958155087e-9,1.263157894736842e-11,2.861003288330895,17400550266398.812
Comet Hyakutake,FALSE,0,0,0,0,0,1,0,0,33,0,0,0,39x37x25,2.74,0,30/01/1996,24e15,NA,Primary,NA,NA,NA,NA,Inf,Inf,2.2458600958155087e-9,1.263157894736842e-11,0,Inf
951 Gaspra,FALSE,330513000,0,0,0,0,1,0,0,33,0,0,0,39x37x25,2.74,0,30/07/1916,24e15,NA,Primary,NA,NA,NA,NA,0.002106951920196785,0.3792513456354213,2.2458600958155087e-9,1.263157894736842e-11,2.209342943542311,29179203180215.984
15760 Albion,FALSE,6547379000,0,0,0,0,1,0,0,33,0,0,0,39x37x25,2.74,0,30/08/1992,24e15,NA,Primary,NA,NA,NA,NA,1.0635935387274816e-4,0.01914468369709467,2.2458600958155087e-9,1.263157894736842e-11,43.76652534801086,74355921151.2111
136472 Makemake,TRUE,6783345606,2147483647,2147483647,0.15586,29.00685,1.4,0.5,800,725,745,715,0.05,NA,112897,0,31/03/2005,44e20,1700000000,Primary,NA,NA,0.81,9.66111538274923e-6,1.0276153398161385e-4,0.018497076116690492,1.0840038685610896e-6,2.3157894736842105e-6,45.34386468376385,12700010091486556
Halley's Comet,FALSE,2677801885,0,0,0,0,1,0,0,33,0,0,0,39x37x25,2.74,0,NA,24e15,NA,Primary,NA,NA,NA,NA,2.600547127481016e-4,0.046809848294658285,2.2458600958155087e-9,1.263157894736842e-11,17.89999999645717,444522383725.4241
Jupiter,TRUE,778340821,740379835,816620000,0.0489,1.304,1.3262,24.79,60200,69911,71492,66854,0.06487,NA,4332.589,9.925,NA,19e26,143e13,Primary,NA,0.503,0.538,12.473518221509611,9.844697583964955e-4,0.17720455651136918,0.010079659175537145,1,5.20288702879245,4165366917488384e8
Mars,TRUE,227943824,206700000,249200000,0.0935,1.85,3.9341,3.71,5030,3389.5,3396.19,3376.2,0.00589,NA,686.98,24.6229,NA,642e21,163000000000,Primary,NA,0.25,0.17,0.007784519549393163,0.0030697541513561694,0.5525557472441105,2.369332957103913e-5,3.378947368421053e-4,1.5237103505110252,1641038036160083e6
Mercury,TRUE,57909227,46001200,69816900,0.2056,7,5.4291,3.7,4250,2439.4,2440.53,2439.7,0,NA,87.969,1407.6,NA,33e22,60830000000,Primary,NA,0.088,0.142,0.00793862161040997,0.012066840401789512,2.172031272322112,1.2272155736084756e-5,1.736842105263158e-4,0.3870992730647202,13069461176634694e6
Saturn,TRUE,1426666422,1349823615,1503509229,0.0565,2.485,0.6871,10.44,36090,58232,60268,54364,0.09796,NA,10759.22,10.656,NA,568e24,827000000000000,Primary,NA,0.342,0.499,2.752346054227439,5.289071000508905e-4,0.0952032780091603,0.006993236758857442,0.29894736842105263,9.536675992274,37063184779754368e6
Sun,FALSE,0,0,0,0,0,1.408,274,617000,696342,0,0,0,39x37x25,2.74,601,NA,199e28,141e16,Primary,NA,NA,NA,NA,Inf,Inf,1,1047.3684210526314,0,Inf
Earth,TRUE,149598262,147095000,152100000,0.0167,0,5.5136,9.8,11190,6371.0084,6378.1366,6356.8,0.00335,NA,365.256,23.9345,NA,597e22,1080000000000,Primary,NA,0.306,0.367,0.08935452898655728,0.004697334039883432,0.8455201271790177,8.370881120865933e-5,0.003142105263157895,1.000002615678941,35429132114417433e6
Venus,TRUE,108208475,107477000,108939000,0.0067,3.39,5.243,8.87,10360,6051.8,6051.8,6051.8,0,NA,224.701,-5832.5,NA,487e22,928000000000,Primary,NA,0.76,0.689,0.08570344549147359,0.006491116338161128,1.168400940869003,7.553077710427983e-5,0.002563157894736842,0.7233289785053071,5523898461866541e7
Kerberos,FALSE,59000,0,0,0,0,1,0,0,33,0,0,0,39x37x25,2.74,0,20/07/2011,24e15,NA,Secondary,Pluto,NA,NA,NA,11.802966101694915,2124.5338983050847,2.2458600958155087e-9,1.263157894736842e-11,3.943906402138383e-4,9156858374030451e5
S/2011 J 1,FALSE,20155290,0,0,0.296,162.8,1,0,0,0.5,0,0,0,NA,580.7,0,29/01/2012,24e15,NA,Secondary,Jupiter,NA,NA,NA,0.034548870296582185,6.218796653384794,5.155785343929083e-13,1.263157894736842e-11,0.13472979197958598,7846435658973901
S/2011 J 2,FALSE,23329710,0,0,0.332,148.8,1,0,0,0.5,0,0,0,NA,726.8,0,29/01/2012,24e15,NA,Secondary,Jupiter,NA,NA,NA,0.0298478849501344,5.372619291024192,5.155785343929083e-13,1.263157894736842e-11,0.1559494790322574,5856414938832261
Styx,FALSE,45000,0,0,0,0,1,0,0,33,0,0,0,39x37x25,2.74,0,11/07/2012,24e15,NA,Secondary,Pluto,NA,NA,NA,15.475,2785.5,2.2458600958155087e-9,1.263157894736842e-11,3.008064205020801e-4,15740752592592592e5
Hippocamp,FALSE,105200,0,0,0,0,1,0,0,17,0,0,0,NA,0.95,0,01/07/2013,3e16,NA,Secondary,Neptune,NA,NA,NA,6.619382129277566,1191.488783269962,5.96008785758202e-10,1.5789473684210526e-11,7.032185652626405e-4,3600220113056427e5
S/2015 (136472) 1,FALSE,21100,0,0,0,0,1,0,0,33,0,0,0,39x37x25,2.74,0,26/04/2016,24e15,NA,Secondary,136472 Makemake,NA,NA,NA,33.00355450236967,5940.63981042654,2.2458600958155087e-9,1.263157894736842e-11,1.410447882798642e-4,7159548078434896e6
S/2017 J 1,FALSE,23587000,0,0,0.397,149.2,1,0,0,2,0,0,0,NA,734.2,0,06/06/2017,24e15,NA,Secondary,Jupiter,NA,NA,NA,0.02952236401407555,5.314025522533599,8.249256550286532e-12,1.263157894736842e-11,0.15766935645294583,5729346737465006
S/2016 J 1,FALSE,20651000,0,0,0.141,139.8,1,0,0,0.5,0,0,0,NA,602.7,0,06/06/2017,24e15,NA,Secondary,Jupiter,NA,NA,NA,0.033719553532516586,6.069519635852985,5.155785343929083e-13,1.263157894736842e-11,0.13804340866196568,7474262510735348
Valetudo,FALSE,18980000,0,0,0.222,34,1,0,0,0.5,0,0,0,NA,533,0,17/07/2018,24e15,NA,Secondary,Jupiter,NA,NA,NA,0.03668822444678609,6.603880400421497,5.155785343929083e-13,1.263157894736842e-11,0.1268734635806551,8848264658822276
S/2017 J 2,FALSE,23303000,0,0,0.236,166.4,1,0,0,1,0,0,0,NA,723,0,17/07/2018,24e15,NA,Secondary,Jupiter,NA,NA,NA,0.0298821181822083,5.378781272797494,2.062314137571633e-12,1.263157894736842e-11,0.1557709337102216,5869847929471585
S/2017 J 3,FALSE,20694000,0,0,0.148,147.9,1,0,0,1,0,0,0,NA,606,0,17/07/2018,24e15,NA,Secondary,Jupiter,NA,NA,NA,0.03364951193582681,6.056912148448826,2.062314137571633e-12,1.263157894736842e-11,0.13833084590822323,7443233287106161
Pandia,FALSE,11525000,0,0,0.18,28.2,1,0,0,1.5,0,0,0,NA,252,0,17/07/2018,24e15,NA,Secondary,Jupiter,NA,NA,NA,0.060420260303687634,10.875646854663774,4.6402068095361746e-12,1.263157894736842e-11,0.07703986658414384,23997646538459732
S/2017 J 5,FALSE,23232000,0,0,0.284,164.3,1,0,0,1,0,0,0,NA,719,0,17/07/2018,24e15,NA,Secondary,Jupiter,NA,NA,NA,0.029973441804407714,5.395219524793388,2.062314137571633e-12,1.263157894736842e-11,0.15529632802454055,5905780783985612
S/2017 J 6,FALSE,22455000,0,0,0.557,155.2,1,0,0,1,0,0,0,NA,683,0,17/07/2018,24e15,NA,Secondary,Jupiter,NA,NA,NA,0.031010598975729237,5.581907815631263,2.062314137571633e-12,1.263157894736842e-11,0.15010240383053797,6321561998784179
S/2017 J 7,FALSE,20627000,0,0,0.215,143.4,1,0,0,1,0,0,0,NA,603,0,17/07/2018,24e15,NA,Secondary,Jupiter,NA,NA,NA,0.03375881126678625,6.076586028021525,2.062314137571633e-12,1.263157894736842e-11,0.13788297857103124,7491665590002511
S/2017 J 8,FALSE,23233000,0,0,0.312,164.7,1,0,0,0.5,0,0,0,NA,720,0,17/07/2018,24e15,NA,Secondary,Jupiter,NA,NA,NA,0.029972130159686652,5.394983428743598,5.155785343929083e-13,1.263157894736842e-11,0.1553030126116628,5905272399043071
S/2017 J 9,FALSE,21487000,0,0,0.229,152.7,1,0,0,1.5,0,0,0,NA,639,0,17/07/2018,24e15,NA,Secondary,Jupiter,NA,NA,NA,0.0324076650998278,5.833379717969004,4.6402068095361746e-12,1.263157894736842e-11,0.1436317234961821,6903970909610359
Ersa,FALSE,11483000,0,0,0.094,30.6,1,0,0,1.5,0,0,0,NA,252,0,17/07/2018,24e15,NA,Secondary,Jupiter,NA,NA,NA,0.06064125228598798,10.915425411477838,4.6402068095361746e-12,1.263157894736842e-11,0.07675911392500856,24173514237590044
Ultima Thule,FALSE,6633400000,0,0,0,0,1,0,0,33,0,0,0,39x37x25,2.74,0,26/06/2014,24e15,NA,Primary,NA,NA,NA,NA,1.049801007025055e-4,0.01889641812645099,2.2458600958155087e-9,1.263157894736842e-11,44.34154021685551,72439950948.44284
101955 Bennu,FALSE,168400000,0,0,0,0,1,0,0,33,0,0,0,39x37x25,2.74,0,11/09/1999,24e15,NA,Primary,NA,NA,NA,NA,0.004135243467933492,0.7443438242280285,2.2458600958155087e-9,1.263157894736842e-11,1.1256844713900063,112400009027256.69
